{"Test elbo": 543.9775390625, "_runtime": 0.15226197242736816, "Test KL": 2.4279422760009766, "_timestamp": 1580567366.59311, "_step": 0}
