{"train loss": 2.294358015060425, "_step": 22, "_timestamp": 1580498834.7503457, "_runtime": 18.627540111541748}
