{"train loss": 2.297600030899048, "_step": 22, "_timestamp": 1580499005.1492321, "_runtime": 17.573167324066162}
